batch,zip,statut
00001,pages_html_batch00001_20260629_222824.zip,CONSERVÉ
00002,pages_html_batch00002_20260629_223158.zip,CONSERVÉ
00003,pages_html_batch00003_20260629_223550.zip,CONSERVÉ
00004,pages_html_batch00004_20260629_223949.zip,CONSERVÉ
00005,pages_html_batch00005_20260629_224617.zip,CONSERVÉ
00006,pages_html_batch00006_20260629_225259.zip,CONSERVÉ
00007,pages_html_batch00007_20260629_230018.zip,CONSERVÉ
00008,pages_html_batch00008_20260629_230428.zip,CONSERVÉ
00009,pages_html_batch00009_20260629_230938.zip,CONSERVÉ
00010,pages_html_batch00010_20260629_231414.zip,CONSERVÉ
00011,pages_html_batch00011_20260629_231937.zip,CONSERVÉ
00014,pages_html_batch00014_20260629_233814.zip,CONSERVÉ
00015,pages_html_batch00015_20260629_234456.zip,CONSERVÉ
00016,pages_html_batch00016_20260629_234918.zip,CONSERVÉ
00017,pages_html_batch00017_20260629_235611.zip,CONSERVÉ
00018,pages_html_batch00018_20260630_000205.zip,CONSERVÉ
00019,pages_html_batch00019_20260630_000737.zip,CONSERVÉ
00020,pages_html_batch00020_20260630_001428.zip,CONSERVÉ
00021,pages_html_batch00021_20260630_002006.zip,CONSERVÉ
00022,pages_html_batch00022_20260630_002823.zip,CONSERVÉ
00025,pages_html_batch00025_20260630_004831.zip,CONSERVÉ
00026,pages_html_batch00026_20260630_005617.zip,CONSERVÉ
00027,pages_html_batch00027_20260630_010036.zip,CONSERVÉ
00028,pages_html_batch00028_20260630_010650.zip,CONSERVÉ
00029,pages_html_batch00029_20260630_011318.zip,CONSERVÉ
00030,pages_html_batch00030_20260630_011749.zip,CONSERVÉ
00031,pages_html_batch00031_20260630_012349.zip,CONSERVÉ
00032,pages_html_batch00032_20260630_013022.zip,CONSERVÉ
00033,pages_html_batch00033_20260630_013503.zip,CONSERVÉ
00036,pages_html_batch00036_20260630_015256.zip,CONSERVÉ
00037,pages_html_batch00037_20260630_015900.zip,CONSERVÉ
00038,pages_html_batch00038_20260630_020558.zip,CONSERVÉ
00039,pages_html_batch00039_20260630_021355.zip,CONSERVÉ
00040,pages_html_batch00040_20260630_021823.zip,CONSERVÉ
00041,pages_html_batch00041_20260630_022542.zip,CONSERVÉ
00042,pages_html_batch00042_20260630_023030.zip,CONSERVÉ
00043,pages_html_batch00043_20260630_023611.zip,CONSERVÉ
00044,pages_html_batch00044_20260630_024118.zip,CONSERVÉ
00047,pages_html_batch00047_20260630_025711.zip,CONSERVÉ
00048,pages_html_batch00048_20260630_030156.zip,CONSERVÉ
00049,pages_html_batch00049_20260630_030626.zip,CONSERVÉ
00050,pages_html_batch00050_20260630_031115.zip,CONSERVÉ
00051,pages_html_batch00051_20260630_031646.zip,CONSERVÉ
00052,pages_html_batch00052_20260630_032132.zip,CONSERVÉ
00053,pages_html_batch00053_20260630_032644.zip,CONSERVÉ
00054,pages_html_batch00054_20260630_033029.zip,CONSERVÉ
00055,pages_html_batch00055_20260630_033403.zip,CONSERVÉ
00056,pages_html_batch00056_20260630_033938.zip,CONSERVÉ
00057,pages_html_batch00057_20260630_034519.zip,CONSERVÉ
00060,pages_html_batch00060_20260630_040316.zip,CONSERVÉ
00061,pages_html_batch00061_20260630_050257.zip,CONSERVÉ
00061,pages_html_batch00061_20260630_104254.zip,À_SUPPRIMER (dry-run)
00062,pages_html_batch00062_20260630_050714.zip,CONSERVÉ
00062,pages_html_batch00062_20260630_104735.zip,À_SUPPRIMER (dry-run)
00063,pages_html_batch00063_20260630_051158.zip,CONSERVÉ
00063,pages_html_batch00063_20260630_105235.zip,À_SUPPRIMER (dry-run)
00064,pages_html_batch00064_20260630_051649.zip,CONSERVÉ
00064,pages_html_batch00064_20260630_105721.zip,À_SUPPRIMER (dry-run)
00065,pages_html_batch00065_20260630_052237.zip,CONSERVÉ
00065,pages_html_batch00065_20260630_110352.zip,À_SUPPRIMER (dry-run)
00066,pages_html_batch00066_20260630_052646.zip,CONSERVÉ
00066,pages_html_batch00066_20260630_110854.zip,À_SUPPRIMER (dry-run)
00067,pages_html_batch00067_20260630_053037.zip,CONSERVÉ
00067,pages_html_batch00067_20260630_111404.zip,À_SUPPRIMER (dry-run)
00068,pages_html_batch00068_20260630_053453.zip,CONSERVÉ
00068,pages_html_batch00068_20260630_111749.zip,À_SUPPRIMER (dry-run)
00069,pages_html_batch00069_20260630_053937.zip,CONSERVÉ
00069,pages_html_batch00069_20260630_112236.zip,À_SUPPRIMER (dry-run)
00070,pages_html_batch00070_20260630_054408.zip,CONSERVÉ
00070,pages_html_batch00070_20260630_112715.zip,À_SUPPRIMER (dry-run)
00071,pages_html_batch00071_20260630_054901.zip,CONSERVÉ
00071,pages_html_batch00071_20260630_113202.zip,À_SUPPRIMER (dry-run)
00072,pages_html_batch00072_20260630_055327.zip,CONSERVÉ
00072,pages_html_batch00072_20260630_113748.zip,À_SUPPRIMER (dry-run)
00073,pages_html_batch00073_20260630_055849.zip,CONSERVÉ
00073,pages_html_batch00073_20260630_114535.zip,À_SUPPRIMER (dry-run)
00074,pages_html_batch00074_20260630_060235.zip,CONSERVÉ
00074,pages_html_batch00074_20260630_115015.zip,À_SUPPRIMER (dry-run)
00075,pages_html_batch00075_20260630_060746.zip,CONSERVÉ
00075,pages_html_batch00075_20260630_115517.zip,À_SUPPRIMER (dry-run)
00076,pages_html_batch00076_20260630_061308.zip,CONSERVÉ
00076,pages_html_batch00076_20260630_120054.zip,À_SUPPRIMER (dry-run)
00077,pages_html_batch00077_20260630_061907.zip,CONSERVÉ
00077,pages_html_batch00077_20260630_120811.zip,À_SUPPRIMER (dry-run)
00078,pages_html_batch00078_20260630_062306.zip,CONSERVÉ
00078,pages_html_batch00078_20260630_121406.zip,À_SUPPRIMER (dry-run)
00079,pages_html_batch00079_20260630_062651.zip,CONSERVÉ
00079,pages_html_batch00079_20260630_122009.zip,À_SUPPRIMER (dry-run)
00080,pages_html_batch00080_20260630_063156.zip,CONSERVÉ
00080,pages_html_batch00080_20260630_122701.zip,À_SUPPRIMER (dry-run)
00081,pages_html_batch00081_20260630_063616.zip,CONSERVÉ
00081,pages_html_batch00081_20260630_123141.zip,À_SUPPRIMER (dry-run)
00082,pages_html_batch00082_20260630_064029.zip,CONSERVÉ
00082,pages_html_batch00082_20260630_123615.zip,À_SUPPRIMER (dry-run)
00083,pages_html_batch00083_20260630_064649.zip,CONSERVÉ
00083,pages_html_batch00083_20260630_124259.zip,À_SUPPRIMER (dry-run)
00084,pages_html_batch00084_20260630_065135.zip,CONSERVÉ
00084,pages_html_batch00084_20260630_124853.zip,À_SUPPRIMER (dry-run)
00085,pages_html_batch00085_20260630_065538.zip,CONSERVÉ
00085,pages_html_batch00085_20260630_125336.zip,À_SUPPRIMER (dry-run)
00086,pages_html_batch00086_20260630_065954.zip,CONSERVÉ
00086,pages_html_batch00086_20260630_125910.zip,À_SUPPRIMER (dry-run)
00087,pages_html_batch00087_20260630_070334.zip,CONSERVÉ
00087,pages_html_batch00087_20260630_130542.zip,À_SUPPRIMER (dry-run)
00088,pages_html_batch00088_20260630_070752.zip,CONSERVÉ
00088,pages_html_batch00088_20260630_131113.zip,À_SUPPRIMER (dry-run)
00089,pages_html_batch00089_20260630_071228.zip,CONSERVÉ
00089,pages_html_batch00089_20260630_131733.zip,À_SUPPRIMER (dry-run)
00090,pages_html_batch00090_20260630_071537.zip,CONSERVÉ
00090,pages_html_batch00090_20260630_132110.zip,À_SUPPRIMER (dry-run)
00091,pages_html_batch00091_20260630_072011.zip,CONSERVÉ
00091,pages_html_batch00091_20260630_132643.zip,À_SUPPRIMER (dry-run)
00092,pages_html_batch00092_20260630_072501.zip,CONSERVÉ
00092,pages_html_batch00092_20260630_133301.zip,À_SUPPRIMER (dry-run)
00093,pages_html_batch00093_20260630_073054.zip,CONSERVÉ
00093,pages_html_batch00093_20260630_133935.zip,À_SUPPRIMER (dry-run)
00094,pages_html_batch00094_20260630_073440.zip,CONSERVÉ
00094,pages_html_batch00094_20260630_134553.zip,À_SUPPRIMER (dry-run)
00095,pages_html_batch00095_20260630_073942.zip,CONSERVÉ
00095,pages_html_batch00095_20260630_135223.zip,À_SUPPRIMER (dry-run)
00096,pages_html_batch00096_20260630_074420.zip,CONSERVÉ
00096,pages_html_batch00096_20260630_135743.zip,À_SUPPRIMER (dry-run)
00097,pages_html_batch00097_20260630_074851.zip,CONSERVÉ
00097,pages_html_batch00097_20260630_140411.zip,À_SUPPRIMER (dry-run)
00098,pages_html_batch00098_20260630_075255.zip,CONSERVÉ
00098,pages_html_batch00098_20260630_140928.zip,À_SUPPRIMER (dry-run)
00099,pages_html_batch00099_20260630_075843.zip,CONSERVÉ
00099,pages_html_batch00099_20260630_141602.zip,À_SUPPRIMER (dry-run)
00100,pages_html_batch00100_20260630_080304.zip,CONSERVÉ
00100,pages_html_batch00100_20260630_142109.zip,À_SUPPRIMER (dry-run)
00101,pages_html_batch00101_20260630_080931.zip,CONSERVÉ
00101,pages_html_batch00101_20260630_142639.zip,À_SUPPRIMER (dry-run)
00102,pages_html_batch00102_20260630_081347.zip,CONSERVÉ
00102,pages_html_batch00102_20260630_143159.zip,À_SUPPRIMER (dry-run)
00103,pages_html_batch00103_20260630_081957.zip,CONSERVÉ
00103,pages_html_batch00103_20260630_143759.zip,À_SUPPRIMER (dry-run)
00104,pages_html_batch00104_20260630_082344.zip,CONSERVÉ
00104,pages_html_batch00104_20260630_144213.zip,À_SUPPRIMER (dry-run)
00105,pages_html_batch00105_20260630_082654.zip,CONSERVÉ
00105,pages_html_batch00105_20260630_144516.zip,À_SUPPRIMER (dry-run)
00106,pages_html_batch00106_20260630_082957.zip,CONSERVÉ
00106,pages_html_batch00106_20260630_145028.zip,À_SUPPRIMER (dry-run)
00107,pages_html_batch00107_20260630_083808.zip,CONSERVÉ
00107,pages_html_batch00107_20260630_145937.zip,À_SUPPRIMER (dry-run)
00108,pages_html_batch00108_20260630_084509.zip,CONSERVÉ
00108,pages_html_batch00108_20260630_150702.zip,À_SUPPRIMER (dry-run)
00109,pages_html_batch00109_20260630_085040.zip,CONSERVÉ
00109,pages_html_batch00109_20260630_151300.zip,À_SUPPRIMER (dry-run)
00110,pages_html_batch00110_20260630_085631.zip,CONSERVÉ
00110,pages_html_batch00110_20260630_151920.zip,À_SUPPRIMER (dry-run)
00111,pages_html_batch00111_20260630_090337.zip,CONSERVÉ
00111,pages_html_batch00111_20260630_152601.zip,À_SUPPRIMER (dry-run)
00112,pages_html_batch00112_20260630_091020.zip,CONSERVÉ
00112,pages_html_batch00112_20260630_153223.zip,À_SUPPRIMER (dry-run)
00113,pages_html_batch00113_20260630_091508.zip,CONSERVÉ
00113,pages_html_batch00113_20260630_153717.zip,À_SUPPRIMER (dry-run)
00114,pages_html_batch00114_20260630_092056.zip,CONSERVÉ
00114,pages_html_batch00114_20260630_154330.zip,À_SUPPRIMER (dry-run)
00115,pages_html_batch00115_20260630_092634.zip,CONSERVÉ
00115,pages_html_batch00115_20260630_154844.zip,À_SUPPRIMER (dry-run)
00116,pages_html_batch00116_20260630_093827.zip,CONSERVÉ
00116,pages_html_batch00116_20260630_160043.zip,À_SUPPRIMER (dry-run)
00117,pages_html_batch00117_20260630_095010.zip,CONSERVÉ
00117,pages_html_batch00117_20260630_161236.zip,À_SUPPRIMER (dry-run)
00118,pages_html_batch00118_20260630_100257.zip,CONSERVÉ
00119,pages_html_batch00119_20260630_101653.zip,CONSERVÉ
00120,pages_html_batch00120_20260630_102824.zip,CONSERVÉ
00121,pages_html_batch00121_20260630_162239.zip,CONSERVÉ
00122,pages_html_batch00122_20260630_162708.zip,CONSERVÉ
00123,pages_html_batch00123_20260630_163058.zip,CONSERVÉ
00124,pages_html_batch00124_20260630_163445.zip,CONSERVÉ
00125,pages_html_batch00125_20260630_163840.zip,CONSERVÉ
00126,pages_html_batch00126_20260630_164251.zip,CONSERVÉ
00127,pages_html_batch00127_20260630_164554.zip,CONSERVÉ
00128,pages_html_batch00128_20260630_164857.zip,CONSERVÉ
00129,pages_html_batch00129_20260630_165221.zip,CONSERVÉ
00130,pages_html_batch00130_20260630_165651.zip,CONSERVÉ
00131,pages_html_batch00131_20260630_170252.zip,CONSERVÉ
00132,pages_html_batch00132_20260630_200955.zip,CONSERVÉ
00133,pages_html_batch00133_20260630_201517.zip,CONSERVÉ
00134,pages_html_batch00134_20260630_202106.zip,CONSERVÉ
00135,pages_html_batch00135_20260630_202435.zip,CONSERVÉ
00136,pages_html_batch00136_20260630_203041.zip,CONSERVÉ
00137,pages_html_batch00137_20260630_203755.zip,CONSERVÉ
00138,pages_html_batch00138_20260630_204604.zip,CONSERVÉ
00139,pages_html_batch00139_20260630_205341.zip,CONSERVÉ
00140,pages_html_batch00140_20260630_205814.zip,CONSERVÉ
00141,pages_html_batch00141_20260630_210428.zip,CONSERVÉ
00142,pages_html_batch00142_20260630_211225.zip,CONSERVÉ
00143,pages_html_batch00143_20260630_212227.zip,CONSERVÉ
00144,pages_html_batch00144_20260630_212826.zip,CONSERVÉ
00145,pages_html_batch00145_20260630_213331.zip,CONSERVÉ
00146,pages_html_batch00146_20260630_214000.zip,CONSERVÉ
00147,pages_html_batch00147_20260630_215011.zip,CONSERVÉ
00148,pages_html_batch00148_20260630_215517.zip,CONSERVÉ
00149,pages_html_batch00149_20260630_220112.zip,CONSERVÉ
00150,pages_html_batch00150_20260630_220759.zip,CONSERVÉ
00151,pages_html_batch00151_20260630_221315.zip,CONSERVÉ
00152,pages_html_batch00152_20260630_221855.zip,CONSERVÉ
00153,pages_html_batch00153_20260630_222250.zip,CONSERVÉ
00154,pages_html_batch00154_20260630_222925.zip,CONSERVÉ
00155,pages_html_batch00155_20260630_223301.zip,CONSERVÉ
00156,pages_html_batch00156_20260630_223702.zip,CONSERVÉ
00157,pages_html_batch00157_20260630_224042.zip,CONSERVÉ
00158,pages_html_batch00158_20260630_224436.zip,CONSERVÉ
00159,pages_html_batch00159_20260630_224837.zip,CONSERVÉ
00160,pages_html_batch00160_20260630_225213.zip,CONSERVÉ
00161,pages_html_batch00161_20260630_225659.zip,CONSERVÉ
00162,pages_html_batch00162_20260630_230153.zip,CONSERVÉ
00163,pages_html_batch00163_20260630_230458.zip,CONSERVÉ
00164,pages_html_batch00164_20260630_230854.zip,CONSERVÉ
00165,pages_html_batch00165_20260630_231227.zip,CONSERVÉ
00166,pages_html_batch00166_20260630_231724.zip,CONSERVÉ
00167,pages_html_batch00167_20260630_232145.zip,CONSERVÉ
00168,pages_html_batch00168_20260630_232511.zip,CONSERVÉ
00169,pages_html_batch00169_20260630_232848.zip,CONSERVÉ
00170,pages_html_batch00170_20260630_233221.zip,CONSERVÉ
00171,pages_html_batch00171_20260630_233609.zip,CONSERVÉ
00172,pages_html_batch00172_20260630_233925.zip,CONSERVÉ
00173,pages_html_batch00173_20260630_234330.zip,CONSERVÉ
00174,pages_html_batch00174_20260630_234643.zip,CONSERVÉ
00175,pages_html_batch00175_20260630_234948.zip,CONSERVÉ
00176,pages_html_batch00176_20260630_235256.zip,CONSERVÉ
00177,pages_html_batch00177_20260630_235621.zip,CONSERVÉ
00178,pages_html_batch00178_20260701_000019.zip,CONSERVÉ
00179,pages_html_batch00179_20260701_000424.zip,CONSERVÉ
00180,pages_html_batch00180_20260701_000804.zip,CONSERVÉ
00181,pages_html_batch00181_20260701_001240.zip,CONSERVÉ
00182,pages_html_batch00182_20260701_001806.zip,CONSERVÉ
00183,pages_html_batch00183_20260701_002205.zip,CONSERVÉ
00184,pages_html_batch00184_20260701_002511.zip,CONSERVÉ
00185,pages_html_batch00185_20260701_002923.zip,CONSERVÉ
00186,pages_html_batch00186_20260701_003340.zip,CONSERVÉ
00187,pages_html_batch00187_20260701_003905.zip,CONSERVÉ
00188,pages_html_batch00188_20260701_004350.zip,CONSERVÉ
00189,pages_html_batch00189_20260701_004747.zip,CONSERVÉ
00190,pages_html_batch00190_20260701_005046.zip,CONSERVÉ
00191,pages_html_batch00191_20260701_005512.zip,CONSERVÉ
00192,pages_html_batch00192_20260701_005923.zip,CONSERVÉ
00193,pages_html_batch00193_20260701_010414.zip,CONSERVÉ
00194,pages_html_batch00194_20260701_010907.zip,CONSERVÉ
00195,pages_html_batch00195_20260701_011337.zip,CONSERVÉ
00196,pages_html_batch00196_20260701_011657.zip,CONSERVÉ
00197,pages_html_batch00197_20260701_012141.zip,CONSERVÉ
00198,pages_html_batch00198_20260701_012514.zip,CONSERVÉ
00199,pages_html_batch00199_20260701_012930.zip,CONSERVÉ
00200,pages_html_batch00200_20260701_013401.zip,CONSERVÉ
00201,pages_html_batch00201_20260701_013905.zip,CONSERVÉ
00202,pages_html_batch00202_20260701_014336.zip,CONSERVÉ
00203,pages_html_batch00203_20260701_022521.zip,CONSERVÉ
00204,pages_html_batch00204_20260701_022831.zip,CONSERVÉ
00205,pages_html_batch00205_20260701_023249.zip,CONSERVÉ
00206,pages_html_batch00206_20260701_023810.zip,CONSERVÉ
00207,pages_html_batch00207_20260701_024102.zip,CONSERVÉ
00208,pages_html_batch00208_20260701_024440.zip,CONSERVÉ
00209,pages_html_batch00209_20260701_024805.zip,CONSERVÉ
00210,pages_html_batch00210_20260701_025221.zip,CONSERVÉ
00211,pages_html_batch00211_20260701_025717.zip,CONSERVÉ
00212,pages_html_batch00212_20260701_030310.zip,CONSERVÉ
00213,pages_html_batch00213_20260701_030712.zip,CONSERVÉ
00214,pages_html_batch00214_20260701_031204.zip,CONSERVÉ
00215,pages_html_batch00215_20260701_031655.zip,CONSERVÉ
00216,pages_html_batch00216_20260701_032040.zip,CONSERVÉ
00217,pages_html_batch00217_20260701_032427.zip,CONSERVÉ
00218,pages_html_batch00218_20260701_032856.zip,CONSERVÉ
00219,pages_html_batch00219_20260701_033517.zip,CONSERVÉ
00220,pages_html_batch00220_20260701_034045.zip,CONSERVÉ
00221,pages_html_batch00221_20260701_034353.zip,CONSERVÉ
00222,pages_html_batch00222_20260701_034848.zip,CONSERVÉ
00223,pages_html_batch00223_20260701_035319.zip,CONSERVÉ
00224,pages_html_batch00224_20260701_035719.zip,CONSERVÉ
00225,pages_html_batch00225_20260701_040220.zip,CONSERVÉ
00226,pages_html_batch00226_20260701_040713.zip,CONSERVÉ
00227,pages_html_batch00227_20260701_041127.zip,CONSERVÉ
00228,pages_html_batch00228_20260701_041631.zip,CONSERVÉ
00229,pages_html_batch00229_20260701_042049.zip,CONSERVÉ
00230,pages_html_batch00230_20260701_042535.zip,CONSERVÉ
00231,pages_html_batch00231_20260701_043008.zip,CONSERVÉ
00232,pages_html_batch00232_20260701_043344.zip,CONSERVÉ
00233,pages_html_batch00233_20260701_043402.zip,CONSERVÉ
